portfolio,method,window_days,alpha,n_obs,exceptions,expected_exceptions,exception_rate,expected_rate,kupiec_lr,kupiec_p,reject_5pct,mean_loss_on_exceptions,mean_es_on_exceptions,es_ratio
equity_ew,hs,250,0.975,1696,49,42.400000000000034,0.028891509433962265,0.025000000000000022,1.0042273579355196,0.3162897685173398,False,0.03148459660391805,0.02917295880092116,1.0792390589782719
equity_ew,hs,250,0.99,1696,26,16.960000000000015,0.015330188679245283,0.010000000000000009,4.185182405797605,0.04077882420433305,True,0.037741598072070365,0.032863417112227525,1.1484380319667917
equity_ew,hs,500,0.975,1446,27,36.150000000000034,0.01867219917012448,0.025000000000000022,2.5998914634927246,0.10687103367279507,False,0.026707668938569802,0.025082127551587226,1.0648087521140013
equity_ew,hs,500,0.99,1446,16,14.460000000000013,0.011065006915629323,0.010000000000000009,0.1601374481022333,0.6890300032121089,False,0.031432455337900886,0.031444033121763304,0.9996317971101994
equity_ew,mc_normal,250,0.975,1696,51,42.400000000000034,0.030070754716981132,0.025000000000000022,1.6818859866104958,0.19467403765337504,False,0.030903746039111737,0.021920062603763047,1.4098384022774848
equity_ew,mc_normal,250,0.99,1696,33,16.960000000000015,0.01945754716981132,0.010000000000000009,12.00661711095529,0.0005301199341061183,True,0.03720933686803448,0.02554545064816518,1.4565934804014533
equity_ew,mc_normal,500,0.975,1446,29,36.150000000000034,0.020055325034578148,0.025000000000000022,1.554094926180369,0.21253193557535205,False,0.026838409201330314,0.02172568221154811,1.235331021599155
equity_ew,mc_normal,500,0.99,1446,17,14.460000000000013,0.011756569847856155,0.010000000000000009,0.42663175186532953,0.5136463415362087,False,0.03197676099614396,0.024861688366376807,1.2861862205380084
equity_ew,parametric,250,0.975,1696,50,42.400000000000034,0.0294811320754717,0.025000000000000022,1.322447805274578,0.25015321825979087,False,0.031212778965624494,0.0219285251844061,1.423387058780435
equity_ew,parametric,250,0.99,1696,33,16.960000000000015,0.01945754716981132,0.010000000000000009,12.00661711095529,0.0005301199341061183,True,0.03720933686803448,0.0254398928715765,1.4626373253956486
equity_ew,parametric,500,0.975,1446,29,36.150000000000034,0.020055325034578148,0.025000000000000022,1.554094926180369,0.21253193557535205,False,0.026838409201330314,0.02169082431980517,1.2373162405278004
equity_ew,parametric,500,0.99,1446,17,14.460000000000013,0.011756569847856155,0.010000000000000009,0.42663175186532953,0.5136463415362087,False,0.03197676099614396,0.024767665647722356,1.2910688254177298
